year,city,total_buildings,total_dwellings,build_flow,dwell_flow,value,destruction_share,east_germany,mean_income,median_income,germany_median,distance_internal,dist_increased_5y,dist_to_germany
1995,Berlin,276583,1770346,3036,13264,118.4,0.3703,0,NA,NA,NA,NA,NA,NA
1996,Berlin,279619,1783610,3946,20179,110.62,0.3703,0,NA,NA,NA,NA,NA,NA
1997,Berlin,283565,1803789,5232,30310,109.92,0.3703,0,NA,NA,NA,NA,NA,NA
1998,Berlin,288797,1834099,3759,15520,110.56,0.3703,0,NA,NA,NA,NA,NA,NA
1999,Berlin,292556,1849619,3980,10355,100.49,0.3703,0,NA,NA,NA,NA,NA,NA
2000,Berlin,296536,1859974,3080,7280,100,0.3703,0,21000,17400,15339,1.206896551724138,NA,1.1343633874437709
2001,Berlin,299616,1867254,2734,5918,95.03,0.3703,0,21000,17400,19900,1.206896551724138,NA,0.8743718592964824
2002,Berlin,302350,1873172,2502,4396,90.51,0.3703,0,21300,17400,19966.666666666668,1.2241379310344829,NA,0.8714524207011686
2003,Berlin,304852,1877568,1918,3153,86.22,0.3703,0,21600,17400,20033.333333333332,1.2413793103448276,NA,0.8685524126455907
2004,Berlin,306770,1880721,2408,3380,80.31,0.3703,0,21900,17400,20100,1.2586206896551724,TRUE,0.8656716417910447
2005,Berlin,309178,1884101,2151,3184,80.11,0.3703,0,22200,17900,21000,1.2402234636871508,TRUE,0.8523809523809524
2006,Berlin,311329,1887285,2303,2781,81.5,0.3703,0,22500,17800,21000,1.2640449438202248,TRUE,0.8476190476190476
2007,Berlin,313632,1890066,2271,3330,84.54,0.3703,0,22900,18000,21400,1.272222222222222,TRUE,0.8411214953271028
2008,Berlin,315903,1893396,3642,5984,84.7,0.3703,0,23100,18200,21900,1.2692307692307692,TRUE,0.8310502283105022
2009,Berlin,319545,1899380,2974,5666,82.83,0.3703,0,23200,18400,22200,1.2608695652173914,TRUE,0.8288288288288288
2010,Berlin,322519,1905046,2924,6748,84.4,0.3703,0,24000,18900,22700,1.2698412698412698,TRUE,0.8325991189427313
2011,Berlin,325443,1911794,3144,6998,90.58,0.3703,0,24500,19200,23100,1.2760416666666667,TRUE,0.8311688311688312
2012,Berlin,328587,1918792,4130,8360,99.94,0.3703,0,24700,19700,23514,1.2538071065989849,FALSE,0.8377987581866122
2013,Berlin,332717,1927152,4020,9052,108.11,0.3703,0,20040,20028,23514,1.000599161174356,FALSE,0.8517478948711406
2014,Berlin,336737,1936204,4262,14138,118.25,0.3703,0,26244,20796,23514,1.2619734564339296,FALSE,0.8844092880836948
2015,Berlin,340999,1950342,4022,17408,128.88,0.3703,0,26520,21036,23514,1.2606959498003425,FALSE,0.894615973462618
2016,Berlin,345021,1967750,4434,21216,147.08,0.3703,0,28992,23232,23514,1.2479338842975207,FALSE,0.9880071446797652
2017,Berlin,349455,1988966,3886,25570,166.99,0.3703,0,30240,23988,23514,1.2606303151575788,TRUE,1.0201582036233734
2018,Berlin,353341,2014536,4202,28654,183.6,0.3703,0,31452,24864,23514,1.26496138996139,TRUE,1.057412605256443
2019,Berlin,357543,2043190,4288,33538,199.77,0.3703,0,32736,25704,23514,1.2735760971055088,TRUE,1.093136004082674
2020,Berlin,361831,2076728,3178,29408,213.81,0.3703,0,NA,NA,NA,NA,NA,NA
2021,Berlin,365009,2106136,3736,28268,233.44,0.3703,0,NA,NA,NA,NA,NA,NA
2022,Berlin,368745,2134404,3140,30736,239.56,0.3703,0,NA,NA,NA,NA,NA,NA
2023,Berlin,371885,2165140,2872,28862,211.24,0.3703,0,NA,NA,NA,NA,NA,NA
2024,Berlin,374757,2194002,3110,29230,204.48,0.3703,0,NA,NA,NA,NA,NA,NA
1995,Bonn,49524,146056,474,2055,106.73,0.472,0,NA,NA,NA,NA,NA,NA
1996,Bonn,49998,148111,353,1497,102.88,0.472,0,NA,NA,NA,NA,NA,NA
1997,Bonn,50351,149608,346,1514,100.35,0.472,0,NA,NA,NA,NA,NA,NA
1998,Bonn,50697,151122,321,1283,101.33,0.472,0,NA,NA,NA,NA,NA,NA
1999,Bonn,51018,152405,353,1663,103.77,0.472,0,NA,NA,NA,NA,NA,NA
2000,Bonn,51371,154068,431,1144,100,0.472,0,23100,19400,15339,1.190721649484536,NA,1.2647499837016756
2001,Bonn,51802,155212,373,1055,90.34,0.472,0,23100,19400,19900,1.190721649484536,NA,0.9748743718592964
2002,Bonn,52175,156267,289,940,86.72,0.472,0,24900,20033.333333333332,19966.666666666668,1.242928452579035,NA,1.003338898163606
2003,Bonn,52464,157207,251,525,85.78,0.472,0,26700,20666.666666666668,20033.333333333332,1.2919354838709676,NA,1.031613976705491
2004,Bonn,52715,157732,326,811,89.56,0.472,0,28500,21300,20100,1.3380281690140845,TRUE,1.0597014925373134
2005,Bonn,53041,158543,259,541,87.55,0.472,0,30600,23400,21000,1.3076923076923077,TRUE,1.1142857142857143
2006,Bonn,53300,159084,448,784,85.11,0.472,0,30100,23000,21000,1.308695652173913,TRUE,1.0952380952380951
2007,Bonn,53748,159868,354,853,84.22,0.472,0,31000,23500,21400,1.319148936170213,TRUE,1.0981308411214954
2008,Bonn,54102,160721,340,777,82.18,0.472,0,31700,23800,21900,1.3319327731092436,FALSE,1.08675799086758
2009,Bonn,54442,161498,356,673,84.37,0.472,0,32100,24200,22200,1.3264462809917354,TRUE,1.09009009009009
2010,Bonn,54798,162171,340,599,84.31,0.472,0,32500,24600,22700,1.3211382113821135,TRUE,1.0837004405286343
2011,Bonn,55138,162770,276,605,87.95,0.472,0,32800,25100,23100,1.3067729083665338,FALSE,1.0865800865800863
2012,Bonn,55414,163375,213,896,91.07,0.472,0,34400,26000,23514,1.323076923076923,FALSE,1.105724249383346
2013,Bonn,55627,164271,212,691,97.61,0.472,0,26952,26292,23514,1.0251026928343223,FALSE,1.118142383261036
2014,Bonn,55839,164962,145,769,104.62,0.472,0,33828,26268,23514,1.2878026496116948,FALSE,1.1171217147231436
2015,Bonn,55984,165731,239,1156,101.34,0.472,0,34584,26232,23514,1.3183897529734676,TRUE,1.115590711916305
2016,Bonn,56223,166887,203,1450,116.64,0.472,0,34860,26700,23514,1.3056179775280898,FALSE,1.1354937484052054
2017,Bonn,56426,168337,190,1259,122.82,0.472,0,34428,27108,23514,1.270030987162461,TRUE,1.152845113549375
2018,Bonn,56616,169596,223,1154,130.99,0.472,0,35760,28608,23514,1.25,FALSE,1.216636897167645
2019,Bonn,56839,170750,226,1110,140.04,0.472,0,36216,29232,23514,1.2389162561576357,FALSE,1.243174279152845
2020,Bonn,57065,171860,164,1064,154.08,0.472,0,NA,NA,NA,NA,NA,NA
2021,Bonn,57229,172924,126,1185,169.4,0.472,0,NA,NA,NA,NA,NA,NA
2022,Bonn,57355,174109,127,625,168.57,0.472,0,NA,NA,NA,NA,NA,NA
2023,Bonn,57482,174734,92,700,152,0.472,0,NA,NA,NA,NA,NA,NA
2024,Bonn,57574,175434,141,1309,143.7,0.472,0,NA,NA,NA,NA,NA,NA
1995,Chemnitz,26649,154189,287,1017,118.97,0.25,1,NA,NA,NA,NA,NA,NA
1996,Chemnitz,26936,155206,513,2546,119.64,0.25,1,NA,NA,NA,NA,NA,NA
1997,Chemnitz,27449,157752,1045,4269,105.33,0.25,1,NA,NA,NA,NA,NA,NA
1998,Chemnitz,28494,162021,582,1607,103.29,0.25,1,NA,NA,NA,NA,NA,NA
1999,Chemnitz,29076,163628,470,1172,96.73,0.25,1,NA,NA,NA,NA,NA,NA
2000,Chemnitz,29546,164800,441,747,100,0.25,1,18400,16200,15339,1.1358024691358024,NA,1.056131429689028
2001,Chemnitz,29987,165547,400,684,96.29,0.25,1,18400,16200,19900,1.1358024691358024,NA,0.8140703517587939
2002,Chemnitz,30387,166231,420,555,89.22,0.25,1,18825,16650,19966.666666666668,1.1306306306306306,NA,0.833889816360601
2003,Chemnitz,30807,166786,308,407,92.15,0.25,1,19250,17100,20033.333333333332,1.1257309941520468,NA,0.8535773710482529
2004,Chemnitz,31115,167193,339,463,87.53,0.25,1,19675,17550,20100,1.121082621082621,FALSE,0.8731343283582089
2005,Chemnitz,31454,167656,269,322,89.37,0.25,1,20100,18000,21000,1.1166666666666667,FALSE,0.8571428571428571
2006,Chemnitz,31723,167978,222,253,88.18,0.25,1,20200,17900,21000,1.128491620111732,FALSE,0.8523809523809524
2007,Chemnitz,31945,168231,223,246,84.55,0.25,1,20400,17800,21400,1.146067415730337,TRUE,0.8317757009345794
2008,Chemnitz,32168,168477,179,263,86.58,0.25,1,20900,18000,21900,1.1611111111111112,TRUE,0.821917808219178
2009,Chemnitz,32347,168740,153,192,81.94,0.25,1,21100,18000,22200,1.1722222222222225,TRUE,0.8108108108108109
2010,Chemnitz,32500,168932,116,153,68.11,0.25,1,21400,17500,22700,1.2228571428571429,TRUE,0.7709251101321586
2011,Chemnitz,32616,169085,224,297,61.08,0.25,1,20900,17700,23100,1.1807909604519775,TRUE,0.7662337662337663
2012,Chemnitz,32840,169382,167,231,60.27,0.25,1,21500,18000,23514,1.1944444444444444,TRUE,0.7655014034192396
2013,Chemnitz,33007,169613,169,202,56.81,0.25,1,19272,19104,23514,1.0087939698492463,FALSE,0.8124521561622863
2014,Chemnitz,33176,169815,206,410,53.92,0.25,1,23568,19800,23514,1.1903030303030302,FALSE,0.8420515437611635
2015,Chemnitz,33382,170225,204,426,53.26,0.25,1,24276,20460,23514,1.1865102639296188,TRUE,0.8701199285532023
2016,Chemnitz,33586,170651,231,306,55.38,0.25,1,25380,21132,23514,1.201022146507666,TRUE,0.8986986476141873
2017,Chemnitz,33817,170957,252,478,58.62,0.25,1,27024,22824,23514,1.1840168243953733,TRUE,0.9706557795355958
2018,Chemnitz,34069,171435,165,377,61.99,0.25,1,27960,23748,23514,1.177362304194037,FALSE,1.00995151824445
2019,Chemnitz,34234,171812,153,442,72.39,0.25,1,28392,23940,23514,1.1859649122807017,FALSE,1.0181168665475886
2020,Chemnitz,34387,172254,171,410,79.96,0.25,1,NA,NA,NA,NA,NA,NA
2021,Chemnitz,34558,172664,131,243,89.58,0.25,1,NA,NA,NA,NA,NA,NA
2022,Chemnitz,34689,172907,128,253,88.68,0.25,1,NA,NA,NA,NA,NA,NA
2023,Chemnitz,34817,173160,145,280,80.6,0.25,1,NA,NA,NA,NA,NA,NA
2024,Chemnitz,34962,173440,128,248,76.58,0.25,1,NA,NA,NA,NA,NA,NA
1995,Dortmund,82287,288305,478,2280,108.15,0.6583,0,NA,NA,NA,NA,NA,NA
1996,Dortmund,82765,290585,579,2233,103.21,0.6583,0,NA,NA,NA,NA,NA,NA
1997,Dortmund,83344,292818,536,1769,106.44,0.6583,0,NA,NA,NA,NA,NA,NA
1998,Dortmund,83880,294587,483,1551,105.12,0.6583,0,NA,NA,NA,NA,NA,NA
1999,Dortmund,84363,296138,869,2260,104.42,0.6583,0,NA,NA,NA,NA,NA,NA
2000,Dortmund,85232,298398,592,1683,100,0.6583,0,22100,18500,15339,1.1945945945945946,NA,1.2060760153856185
2001,Dortmund,85824,300081,1441,2846,96.51,0.6583,0,22100,18500,19900,1.1945945945945946,NA,0.9296482412060302
2002,Dortmund,87265,302927,867,1667,93.61,0.6583,0,22300,18500,19966.666666666668,1.2054054054054053,NA,0.9265442404006676
2003,Dortmund,88132,304594,769,1399,87.06,0.6583,0,22500,18500,20033.333333333332,1.2162162162162162,NA,0.923460898502496
2004,Dortmund,88901,305993,807,1170,82.18,0.6583,0,22700,18500,20100,1.227027027027027,TRUE,0.9203980099502488
2005,Dortmund,89708,307163,602,826,80.46,0.6583,0,23700,19300,21000,1.2279792746113989,TRUE,0.919047619047619
2006,Dortmund,90310,307989,789,1247,77.8,0.6583,0,23400,19100,21000,1.225130890052356,TRUE,0.9095238095238096
2007,Dortmund,91099,309236,573,876,77.83,0.6583,0,23900,19500,21400,1.2256410256410255,TRUE,0.911214953271028
2008,Dortmund,91672,310112,393,679,70.02,0.6583,0,24100,19700,21900,1.2233502538071066,FALSE,0.8995433789954338
2009,Dortmund,92065,310791,434,775,68.16,0.6583,0,24600,20000,22200,1.23,TRUE,0.9009009009009008
2010,Dortmund,92499,311566,528,992,70.61,0.6583,0,24900,20300,22700,1.2266009852216748,TRUE,0.8942731277533039
2011,Dortmund,93027,312558,551,968,71.98,0.6583,0,25000,20100,23100,1.243781094527363,TRUE,0.8701298701298701
2012,Dortmund,93578,313526,396,582,70.74,0.6583,0,25300,20300,23514,1.2463054187192115,TRUE,0.8633154716339202
2013,Dortmund,93974,314108,671,1119,72.11,0.6583,0,21360,21060,23514,1.0142450142450143,FALSE,0.8956366420005103
2014,Dortmund,94645,315227,423,948,73.84,0.6583,0,26544,21396,23514,1.240605720695457,TRUE,0.9099260015310028
2015,Dortmund,95068,316175,348,897,76.22,0.6583,0,27036,21900,23514,1.2345205479452055,FALSE,0.9313600408267416
2016,Dortmund,95416,317072,433,857,83.48,0.6583,0,28368,22716,23514,1.248811410459588,TRUE,0.9660627711150804
2017,Dortmund,95849,317929,568,1315,84.2,0.6583,0,29304,23748,23514,1.233956543708944,TRUE,1.00995151824445
2018,Dortmund,96417,319244,517,1409,94.25,0.6583,0,30096,24192,23514,1.244047619047619,TRUE,1.028833886195458
2019,Dortmund,96934,320653,335,1306,101.78,0.6583,0,30456,24600,23514,1.2380487804878049,TRUE,1.0461852513396277
2020,Dortmund,97269,321959,416,1636,110.95,0.6583,0,NA,NA,NA,NA,NA,NA
2021,Dortmund,97685,323595,325,1489,125.42,0.6583,0,NA,NA,NA,NA,NA,NA
2022,Dortmund,98010,325084,320,1964,129.83,0.6583,0,NA,NA,NA,NA,NA,NA
2023,Dortmund,98330,327048,226,1180,116.28,0.6583,0,NA,NA,NA,NA,NA,NA
2024,Dortmund,98556,328228,238,1249,114.13,0.6583,0,NA,NA,NA,NA,NA,NA
1995,Dresden,45351,255155,698,4804,121.33,0.6,1,NA,NA,NA,NA,NA,NA
1996,Dresden,46049,259959,925,7427,115.13,0.6,1,NA,NA,NA,NA,NA,NA
1997,Dresden,46974,267386,1337,10730,112.04,0.6,1,NA,NA,NA,NA,NA,NA
1998,Dresden,48311,278116,1181,4917,112.82,0.6,1,NA,NA,NA,NA,NA,NA
1999,Dresden,49492,283033,962,2562,102.98,0.6,1,NA,NA,NA,NA,NA,NA
2000,Dresden,50454,285595,746,1521,100,0.6,1,20400,17900,15339,1.1396648044692737,NA,1.1669600365082469
2001,Dresden,51200,287116,569,900,94.17,0.6,1,20400,17900,19900,1.1396648044692737,NA,0.8994974874371859
2002,Dresden,51769,288016,478,839,91.7,0.6,1,20333.333333333332,17566.666666666668,19966.666666666668,1.157495256166983,NA,0.8797996661101837
2003,Dresden,52247,288855,451,591,93.01,0.6,1,20266.666666666668,17233.333333333332,20033.333333333332,1.1760154738878146,NA,0.8602329450915142
2004,Dresden,52698,289446,544,718,88.31,0.6,1,20200,16900,20100,1.1952662721893492,TRUE,0.8407960199004975
2005,Dresden,53242,290164,484,583,85.57,0.6,1,20200,16600,21000,1.216867469879518,TRUE,0.7904761904761904
2006,Dresden,53726,290747,499,636,86.07,0.6,1,20300,16600,21000,1.2228915662650603,TRUE,0.7904761904761904
2007,Dresden,54225,291383,353,522,85.79,0.6,1,20600,16900,21400,1.2189349112426036,TRUE,0.7897196261682243
2008,Dresden,54578,291905,384,552,81.94,0.6,1,21100,17500,21900,1.2057142857142855,TRUE,0.7990867579908676
2009,Dresden,54962,292457,314,476,82.07,0.6,1,21600,17800,22200,1.2134831460674158,FALSE,0.8018018018018018
2010,Dresden,55276,292933,364,517,82.32,0.6,1,22100,18200,22700,1.2142857142857142,FALSE,0.801762114537445
2011,Dresden,55640,293450,407,1061,81.51,0.6,1,22700,18700,23100,1.213903743315508,FALSE,0.8095238095238095
2012,Dresden,56047,294511,481,1012,86.44,0.6,1,23400,18800,23514,1.24468085106383,TRUE,0.7995236880156502
2013,Dresden,56528,295523,335,810,88.48,0.6,1,20052,19500,23514,1.0283076923076924,FALSE,0.8292931870375095
2014,Dresden,56863,296333,438,1298,93.85,0.6,1,24696,20148,23514,1.225729600952948,TRUE,0.8568512375606022
2015,Dresden,57301,297631,373,1507,99.58,0.6,1,25380,20304,23514,1.25,TRUE,0.8634855830569023
2016,Dresden,57674,299138,465,2542,105.85,0.6,1,27444,22560,23514,1.2164893617021275,FALSE,0.9594284256187804
2017,Dresden,58139,301680,401,2245,110.75,0.6,1,29136,23808,23514,1.2237903225806452,TRUE,1.012503189589181
2018,Dresden,58540,303925,379,2103,116.45,0.6,1,30072,24408,23514,1.232055063913471,TRUE,1.038019903036489
2019,Dresden,58919,306028,302,2350,127.69,0.6,1,30744,25140,23514,1.22291169451074,FALSE,1.0691502934422046
2020,Dresden,59221,308378,345,2786,143.63,0.6,1,NA,NA,NA,NA,NA,NA
2021,Dresden,59566,311164,226,1638,157.1,0.6,1,NA,NA,NA,NA,NA,NA
2022,Dresden,59792,312802,240,1990,161.27,0.6,1,NA,NA,NA,NA,NA,NA
2023,Dresden,60032,314792,233,1862,139.17,0.6,1,NA,NA,NA,NA,NA,NA
2024,Dresden,60265,316654,181,1486,135.56,0.6,1,NA,NA,NA,NA,NA,NA
1995,Duisburg,73447,248968,621,2112,104.29,0.6479,0,NA,NA,NA,NA,NA,NA
1996,Duisburg,74068,251080,512,1457,107.13,0.6479,0,NA,NA,NA,NA,NA,NA
1997,Duisburg,74580,252537,601,1640,104.95,0.6479,0,NA,NA,NA,NA,NA,NA
1998,Duisburg,75181,254177,460,1290,103.37,0.6479,0,NA,NA,NA,NA,NA,NA
1999,Duisburg,75641,255467,497,1131,100.85,0.6479,0,NA,NA,NA,NA,NA,NA
2000,Duisburg,76138,256598,698,1361,100,0.6479,0,20700,18100,15339,1.143646408839779,NA,1.1799986961340374
2001,Duisburg,76836,257959,585,1050,90.03,0.6479,0,20700,18100,19900,1.143646408839779,NA,0.9095477386934674
2002,Duisburg,77421,259009,515,877,87.55,0.6479,0,21150,18400,19966.666666666668,1.1494565217391304,NA,0.9215358931552587
2003,Duisburg,77936,259886,489,737,81.27,0.6479,0,21600,18700,20033.333333333332,1.1550802139037433,NA,0.9334442595673876
2004,Duisburg,78425,260623,596,819,77.52,0.6479,0,22050,19000,20100,1.1605263157894736,TRUE,0.945273631840796
2005,Duisburg,79021,261442,415,692,73.85,0.6479,0,22500,19300,21000,1.16580310880829,TRUE,0.919047619047619
2006,Duisburg,79436,262134,404,595,71.74,0.6479,0,22700,19200,21000,1.1822916666666667,TRUE,0.9142857142857144
2007,Duisburg,79840,262729,455,855,68.85,0.6479,0,22800,19200,21400,1.1875,TRUE,0.897196261682243
2008,Duisburg,80295,263584,229,504,69.02,0.6479,0,22900,19500,21900,1.1743589743589744,TRUE,0.8904109589041096
2009,Duisburg,80524,264088,234,334,63.22,0.6479,0,22700,19200,22200,1.1822916666666667,TRUE,0.8648648648648649
2010,Duisburg,80758,264422,199,315,65.28,0.6479,0,23200,19800,22700,1.1717171717171715,FALSE,0.8722466960352423
2011,Duisburg,80957,264737,188,477,62.34,0.6479,0,23500,20000,23100,1.175,FALSE,0.8658008658008658
2012,Duisburg,81145,265214,273,551,62.09,0.6479,0,24000,20300,23514,1.1822660098522169,TRUE,0.8633154716339202
2013,Duisburg,81418,265765,235,444,58.59,0.6479,0,20568,20964,23514,0.9811104751001716,FALSE,0.891553967848941
2014,Duisburg,81653,266209,277,493,59.11,0.6479,0,26268,21228,23514,1.2374222724703223,TRUE,0.9027813217657564
2015,Duisburg,81930,266702,186,370,54.87,0.6479,0,26640,21504,23514,1.2388392857142858,TRUE,0.9145190099515182
2016,Duisburg,82116,267072,139,321,60.71,0.6479,0,28176,23016,23514,1.224191866527633,TRUE,0.9788211278387344
2017,Duisburg,82255,267393,238,540,59.55,0.6479,0,27792,22536,23514,1.233226837060703,TRUE,0.958407757080888
2018,Duisburg,82493,267933,244,712,65.36,0.6479,0,29052,23568,23514,1.2326883910386963,FALSE,1.0022965042102576
2019,Duisburg,82737,268645,232,585,68.86,0.6479,0,29472,24660,23514,1.1951338199513382,FALSE,1.0487369226843584
2020,Duisburg,82969,269230,185,434,76.07,0.6479,0,NA,NA,NA,NA,NA,NA
2021,Duisburg,83154,269664,141,591,86.19,0.6479,0,NA,NA,NA,NA,NA,NA
2022,Duisburg,83295,270255,123,707,90.77,0.6479,0,NA,NA,NA,NA,NA,NA
2023,Duisburg,83418,270962,188,515,83.51,0.6479,0,NA,NA,NA,NA,NA,NA
2024,Duisburg,83606,271477,157,525,82.93,0.6479,0,NA,NA,NA,NA,NA,NA
1995,Düsseldorf,64014,305959,8192,24016,109.31,0.5091,0,NA,NA,NA,NA,NA,NA
1996,Düsseldorf,72206,329975,7557,23838,108.14,0.5091,0,NA,NA,NA,NA,NA,NA
1997,Düsseldorf,79763,353813,8234,23788,105.8,0.5091,0,NA,NA,NA,NA,NA,NA
1998,Düsseldorf,87997,377601,8770,21939,103.96,0.5091,0,NA,NA,NA,NA,NA,NA
1999,Düsseldorf,96767,399540,9209,20689,103.54,0.5091,0,NA,NA,NA,NA,NA,NA
2000,Düsseldorf,105976,420229,10176,21374,100,0.5091,0,24900,20000,15339,1.245,NA,1.303865962579047
2001,Düsseldorf,116152,441603,8126,15896,97.27,0.5091,0,24900,20000,19900,1.245,NA,1.0050251256281406
2002,Düsseldorf,124278,457499,7236,13380,96.3,0.5091,0,25500,19900,19966.666666666668,1.2814070351758795,NA,0.996661101836394
2003,Düsseldorf,131514,470879,7745,13611,89.57,0.5091,0,26100,19800,20033.333333333332,1.318181818181818,NA,0.9883527454242927
2004,Düsseldorf,139259,484490,7988,13305,90.98,0.5091,0,26700,19700,20100,1.3553299492385786,TRUE,0.9800995024875622
2005,Düsseldorf,147247,497795,6707,11007,88.89,0.5091,0,27400,20600,21000,1.3300970873786409,TRUE,0.9809523809523808
2006,Düsseldorf,153954,508802,6548,11148,88.76,0.5091,0,27200,20600,21000,1.3203883495145632,TRUE,0.9809523809523808
2007,Düsseldorf,160502,519950,6073,10858,84.96,0.5091,0,27600,21100,21400,1.3080568720379149,FALSE,0.985981308411215
2008,Düsseldorf,166575,530808,4967,8740,84.97,0.5091,0,28200,21700,21900,1.2995391705069124,FALSE,0.9908675799086758
2009,Düsseldorf,171542,539548,4073,7297,86.62,0.5091,0,28800,22100,22200,1.3031674208144797,FALSE,0.9954954954954957
2010,Düsseldorf,175615,546845,4100,8133,89.07,0.5091,0,30000,22700,22700,1.3215859030837005,TRUE,1
2011,Düsseldorf,179715,554978,4119,7122,92.76,0.5091,0,29700,22500,23100,1.32,TRUE,0.974025974025974
2012,Düsseldorf,183834,562100,4769,9476,98.41,0.5091,0,30100,22700,23514,1.3259911894273129,TRUE,0.9653823254231522
2013,Düsseldorf,188603,571576,4231,9343,102.22,0.5091,0,24588,23808,23514,1.0327620967741935,FALSE,1.012503189589181
2014,Düsseldorf,192834,580919,4497,11590,111.44,0.5091,0,31704,24504,23514,1.2938295788442704,FALSE,1.042102577188058
2015,Düsseldorf,197331,592509,4183,9495,118.79,0.5091,0,33084,25080,23514,1.3191387559808612,FALSE,1.066598622097474
2016,Düsseldorf,201514,602004,4300,11701,127.81,0.5091,0,35736,26772,23514,1.3348274316450022,TRUE,1.1385557540188824
2017,Düsseldorf,205814,613705,4010,12752,136.72,0.5091,0,36096,26652,23514,1.354344889689329,TRUE,1.1334524113294209
2018,Düsseldorf,209824,626457,3934,12111,146.47,0.5091,0,37296,27180,23514,1.372185430463576,TRUE,1.155907119163052
2019,Düsseldorf,213758,638568,4212,12969,160.7,0.5091,0,37764,28044,23514,1.3465982028241337,TRUE,1.1926511865271754
2020,Düsseldorf,217970,651537,3879,11958,177.79,0.5091,0,NA,NA,NA,NA,NA,NA
2021,Düsseldorf,221849,663495,3486,12039,196.4,0.5091,0,NA,NA,NA,NA,NA,NA
2022,Düsseldorf,225335,675534,3020,11084,193.2,0.5091,0,NA,NA,NA,NA,NA,NA
2023,Düsseldorf,228355,686618,3006,10946,157.5,0.5091,0,NA,NA,NA,NA,NA,NA
2024,Düsseldorf,231361,697564,2196,9127,155.87,0.5091,0,NA,NA,NA,NA,NA,NA
1995,Erfurt,21181,104022,540,1437,119.27,NA,NA,NA,NA,NA,NA,NA,NA
1996,Erfurt,21721,105459,304,1023,117.75,NA,NA,NA,NA,NA,NA,NA,NA
1997,Erfurt,22025,106482,549,1948,122.98,NA,NA,NA,NA,NA,NA,NA,NA
1998,Erfurt,22574,108430,469,1196,122.34,NA,NA,NA,NA,NA,NA,NA,NA
1999,Erfurt,23043,109626,595,898,118.91,NA,NA,NA,NA,NA,NA,NA,NA
2000,Erfurt,23638,110524,781,1635,100,NA,NA,20800,18300,15339,1.1366120218579234,NA,1.193037355759828
2001,Erfurt,24419,112159,318,572,101.51,NA,NA,20800,18300,19900,1.1366120218579234,NA,0.9195979899497488
2002,Erfurt,24737,112731,358,498,82.51,NA,NA,20500,17900,19966.666666666668,1.1452513966480449,NA,0.8964941569282137
2003,Erfurt,25095,113229,451,723,69.35,NA,NA,20200,17500,20033.333333333332,1.1542857142857144,NA,0.8735440931780366
2004,Erfurt,25546,113952,356,397,86.51,NA,NA,19900,17100,20100,1.1637426900584795,TRUE,0.8507462686567164
2005,Erfurt,25902,114349,265,465,89.77,NA,NA,20800,17400,21000,1.1954022988505748,TRUE,0.8285714285714286
2006,Erfurt,26167,114814,244,274,83.18,NA,NA,20500,17200,21000,1.191860465116279,TRUE,0.819047619047619
2007,Erfurt,26411,115088,144,206,86.78,NA,NA,20700,17300,21400,1.1965317919075145,TRUE,0.8084112149532711
2008,Erfurt,26555,115294,222,277,87.97,NA,NA,21300,17600,21900,1.2102272727272727,TRUE,0.8036529680365296
2009,Erfurt,26777,115571,155,233,91.42,NA,NA,21700,17900,22200,1.2122905027932962,TRUE,0.8063063063063063
2010,Erfurt,26932,115804,205,404,93.66,NA,NA,22900,18900,22700,1.2116402116402116,TRUE,0.8325991189427313
2011,Erfurt,27137,116208,113,225,102.72,NA,NA,24100,20200,23100,1.193069306930693,FALSE,0.8744588744588745
2012,Erfurt,27250,116433,225,313,107.89,NA,NA,25100,21100,23514,1.1895734597156398,FALSE,0.8973377562303309
2013,Erfurt,27475,116746,169,271,107.53,NA,NA,21816,21804,23514,1.000550357732526,FALSE,0.9272773666751722
2014,Erfurt,27644,117017,168,342,115.08,NA,NA,26712,22080,23514,1.2097826086956522,FALSE,0.939015054860934
2015,Erfurt,27812,117359,226,287,121.72,NA,NA,27240,22236,23514,1.2250404749055586,TRUE,0.945649400357234
2016,Erfurt,28038,117646,114,254,133.32,NA,NA,27744,22428,23514,1.2370251471375069,TRUE,0.9538147486603724
2017,Erfurt,28152,117900,203,410,137.62,NA,NA,27780,22572,23514,1.2307283359914938,TRUE,0.9599387598877264
2018,Erfurt,28355,118310,122,433,145.53,NA,NA,28044,23304,23514,1.2033985581874356,FALSE,0.9910691502934422
2019,Erfurt,28477,118743,81,233,152.23,NA,NA,29004,24324,23514,1.1924025653675383,FALSE,1.034447563153866
2020,Erfurt,28558,118976,122,301,167.41,NA,NA,NA,NA,NA,NA,NA,NA
2021,Erfurt,28680,119277,136,690,198.11,NA,NA,NA,NA,NA,NA,NA,NA
2022,Erfurt,28816,119967,69,325,197.59,NA,NA,NA,NA,NA,NA,NA,NA
2023,Erfurt,28885,120292,92,552,167.85,NA,NA,NA,NA,NA,NA,NA,NA
2024,Erfurt,28977,120844,66,240,165.5,NA,NA,NA,NA,NA,NA,NA,NA
1995,Frankfurt,66339,325982,256,1720,113.79,0.4497,0,NA,NA,NA,NA,NA,NA
1996,Frankfurt,66595,327702,408,2016,108,0.4497,0,NA,NA,NA,NA,NA,NA
1997,Frankfurt,67003,329718,419,2290,104.73,0.4497,0,NA,NA,NA,NA,NA,NA
1998,Frankfurt,67422,332008,509,2625,99.07,0.4497,0,NA,NA,NA,NA,NA,NA
1999,Frankfurt,67931,334633,702,2241,98.91,0.4497,0,NA,NA,NA,NA,NA,NA
2000,Frankfurt,68633,336874,796,1959,100,0.4497,0,20300,17700,15339,1.1468926553672316,NA,1.1539213768824566
2001,Frankfurt,69429,338833,723,1755,100.45,0.4497,0,20300,17700,19900,1.1468926553672316,NA,0.8894472361809045
2002,Frankfurt,70152,340588,561,1573,97.31,0.4497,0,20033.333333333332,17200,19966.666666666668,1.1647286821705425,NA,0.8614357262103506
2003,Frankfurt,70713,342161,654,2733,94.26,0.4497,0,19766.666666666668,16700,20033.333333333332,1.183632734530938,NA,0.8336106489184693
2004,Frankfurt,71367,344894,524,1543,88.47,0.4497,0,19500,16200,20100,1.2037037037037035,TRUE,0.8059701492537313
2005,Frankfurt,71891,346437,620,2583,85.71,0.4497,0,19100,15700,21000,1.21656050955414,TRUE,0.7476190476190476
2006,Frankfurt,72511,349020,715,2109,86.82,0.4497,0,19300,15800,21000,1.2215189873417722,TRUE,0.7523809523809524
2007,Frankfurt,73226,351129,816,2746,86.66,0.4497,0,19600,16300,21400,1.2024539877300613,TRUE,0.7616822429906542
2008,Frankfurt,74042,353875,572,1904,87.72,0.4497,0,20600,17200,21900,1.197674418604651,FALSE,0.7853881278538812
2009,Frankfurt,74614,355779,590,2564,90,0.4497,0,21200,17400,22200,1.2183908045977012,TRUE,0.7837837837837838
2010,Frankfurt,75204,358343,557,2648,93.43,0.4497,0,22500,18600,22700,1.2096774193548387,FALSE,0.8193832599118943
2011,Frankfurt,75761,360991,515,2048,98.67,0.4497,0,23000,18000,23100,1.2777777777777777,TRUE,0.7792207792207793
2012,Frankfurt,76276,363039,549,2223,103.37,0.4497,0,22700,17800,23514,1.2752808988764044,TRUE,0.7569958322701369
2013,Frankfurt,76825,365262,559,2828,110.24,0.4497,0,18384,18456,23514,0.9960988296488946,FALSE,0.7848941056391937
2014,Frankfurt,77384,368090,583,3607,116.12,0.4497,0,22068,18540,23514,1.1902912621359223,FALSE,0.7884664455218168
2015,Frankfurt,77967,371697,407,4119,124.96,0.4497,0,22560,18432,23514,1.2239583333333333,FALSE,0.7838734371013013
2016,Frankfurt,78374,375816,456,3554,139.75,0.4497,0,26244,21408,23514,1.225896860986547,FALSE,0.910436335799949
2017,Frankfurt,78830,379370,463,4121,153.46,0.4497,0,27396,22668,23514,1.20857596611964,TRUE,0.9640214340392956
2018,Frankfurt,79293,383491,386,3318,169.11,0.4497,0,29232,24732,23514,1.1819505094614264,FALSE,1.0517989282980351
2019,Frankfurt,79679,386809,406,4019,184.12,0.4497,0,29616,24792,23514,1.1945788964181994,FALSE,1.054350599642766
2020,Frankfurt,80085,390828,390,3465,196.2,0.4497,0,NA,NA,NA,NA,NA,NA
2021,Frankfurt,80475,394293,435,3162,214.25,0.4497,0,NA,NA,NA,NA,NA,NA
2022,Frankfurt,80910,397455,309,2612,204.24,0.4497,0,NA,NA,NA,NA,NA,NA
2023,Frankfurt,81219,400067,270,2948,168.15,0.4497,0,NA,NA,NA,NA,NA,NA
2024,Frankfurt,81489,403015,280,3529,168.47,0.4497,0,NA,NA,NA,NA,NA,NA
1995,Hamburg,218380,823926,1648,7071,109.97,0.535,0,NA,NA,NA,NA,NA,NA
1996,Hamburg,220028,830997,1522,7564,108.67,0.535,0,NA,NA,NA,NA,NA,NA
1997,Hamburg,221550,838561,1663,6899,103.91,0.535,0,NA,NA,NA,NA,NA,NA
1998,Hamburg,223213,845460,1823,6846,100.22,0.535,0,NA,NA,NA,NA,NA,NA
1999,Hamburg,225036,852306,1620,5724,93.55,0.535,0,NA,NA,NA,NA,NA,NA
2000,Hamburg,226656,858030,2095,5790,100,0.535,0,24000,19500,15339,1.2307692307692308,NA,1.2712693135145707
2001,Hamburg,228751,863820,1541,4527,97.53,0.535,0,24000,19500,19900,1.2307692307692308,NA,0.9798994974874372
2002,Hamburg,230292,868347,1532,3389,96.04,0.535,0,24366.666666666668,19466.666666666668,19966.666666666668,1.2517123287671232,NA,0.9749582637729548
2003,Hamburg,231824,871736,1581,3619,95.27,0.535,0,24733.333333333332,19433.333333333332,20033.333333333332,1.2727272727272727,NA,0.9700499168053244
2004,Hamburg,233405,875355,1699,3473,94.03,0.535,0,25100,19400,20100,1.2938144329896908,TRUE,0.965174129353234
2005,Hamburg,235104,878828,1442,2836,91.72,0.535,0,24900,20100,21000,1.2388059701492538,TRUE,0.9571428571428572
2006,Hamburg,236546,881664,1882,3930,93.05,0.535,0,25700,20300,21000,1.2660098522167489,TRUE,0.9666666666666668
2007,Hamburg,238428,885594,1318,2899,91.47,0.535,0,26400,20900,21400,1.263157894736842,FALSE,0.9766355140186916
2008,Hamburg,239746,888493,1527,3474,90.02,0.535,0,27600,21600,21900,1.2777777777777777,FALSE,0.9863013698630136
2009,Hamburg,241273,891967,1190,3187,95.14,0.535,0,28400,22100,22200,1.2850678733031675,TRUE,0.9954954954954957
2010,Hamburg,242463,895154,1286,3051,100.86,0.535,0,29200,22600,22700,1.2920353982300885,TRUE,0.9955947136563876
2011,Hamburg,243749,898205,1378,3307,108.91,0.535,0,29200,22700,23100,1.2863436123348018,TRUE,0.9826839826839828
2012,Hamburg,245127,901512,1246,3309,116.15,0.535,0,29500,23200,23514,1.271551724137931,FALSE,0.9866462532959088
2013,Hamburg,246373,904821,1906,5952,123.03,0.535,0,23448,23448,23514,1,FALSE,0.997193161520796
2014,Hamburg,248279,910773,1356,6086,129.62,0.535,0,30564,24192,23514,1.2633928571428572,FALSE,1.028833886195458
2015,Hamburg,249635,916859,1760,7665,138.53,0.535,0,31788,24612,23514,1.2915650901999025,TRUE,1.0466955856085736
2016,Hamburg,251395,924524,1438,7050,148.88,0.535,0,33660,26244,23514,1.2825788751714675,TRUE,1.1161010461852514
2017,Hamburg,252833,931574,1700,6828,159.36,0.535,0,34644,27012,23514,1.2825410928476233,TRUE,1.1487624393978055
2018,Hamburg,254533,938402,1882,9700,168.87,0.535,0,35232,27756,23514,1.269347168179853,TRUE,1.1804031640724677
2019,Hamburg,256415,948102,1900,9079,180.51,0.535,0,36300,28416,23514,1.2774493243243243,FALSE,1.2084715488645064
2020,Hamburg,258315,957181,1624,10640,201.25,0.535,0,NA,NA,NA,NA,NA,NA
2021,Hamburg,259939,967821,1332,7314,223.39,0.535,0,NA,NA,NA,NA,NA,NA
2022,Hamburg,261271,975135,1476,8656,218.74,0.535,0,NA,NA,NA,NA,NA,NA
2023,Hamburg,262747,983791,1092,5620,183.73,0.535,0,NA,NA,NA,NA,NA,NA
2024,Hamburg,263839,989411,966,7900,170.95,0.535,0,NA,NA,NA,NA,NA,NA
1995,Karlsruhe,511226,1166878,7390,24035,123.5,0.2478,0,NA,NA,NA,NA,NA,NA
1996,Karlsruhe,518616,1190913,6247,18497,122.34,0.2478,0,NA,NA,NA,NA,NA,NA
1997,Karlsruhe,524863,1209410,6740,16737,106.58,0.2478,0,NA,NA,NA,NA,NA,NA
1998,Karlsruhe,531603,1226147,7028,15331,105.53,0.2478,0,NA,NA,NA,NA,NA,NA
1999,Karlsruhe,538631,1241478,7112,13509,103.58,0.2478,0,NA,NA,NA,NA,NA,NA
2000,Karlsruhe,545743,1254987,7408,12695,100,0.2478,0,25200,21200,15339,1.1886792452830188,NA,1.3820979203337898
2001,Karlsruhe,553151,1267682,5972,10473,97.12,0.2478,0,25200,21200,19900,1.1886792452830188,NA,1.065326633165829
2002,Karlsruhe,559123,1278155,5067,8484,97.05,0.2478,0,24700,20533.333333333332,19966.666666666668,1.202922077922078,NA,1.028380634390651
2003,Karlsruhe,564190,1286639,5349,8288,95.56,0.2478,0,24200,19866.666666666668,20033.333333333332,1.2181208053691277,NA,0.9916805324459236
2004,Karlsruhe,569539,1294927,5853,8918,93.08,0.2478,0,23700,19200,20100,1.234375,TRUE,0.9552238805970148
2005,Karlsruhe,575392,1303845,5634,8357,89.38,0.2478,0,25300,20800,21000,1.2163461538461535,TRUE,0.9904761904761904
2006,Karlsruhe,581026,1312202,5810,8503,90.74,0.2478,0,25600,20900,21000,1.2248803827751196,TRUE,0.9952380952380953
2007,Karlsruhe,586836,1320705,4925,8807,87.94,0.2478,0,26400,21200,21400,1.2452830188679245,TRUE,0.9906542056074766
2008,Karlsruhe,591761,1329512,3745,6352,85.78,0.2478,0,27200,21900,21900,1.2420091324200913,TRUE,1
2009,Karlsruhe,595506,1335864,3782,7140,86.07,0.2478,0,27800,22200,22200,1.2522522522522523,TRUE,1
2010,Karlsruhe,599288,1343004,3569,6033,90.81,0.2478,0,28300,22600,22700,1.252212389380531,TRUE,0.9955947136563876
2011,Karlsruhe,602857,1349037,4043,6775,89.65,0.2478,0,29100,23400,23100,1.2435897435897436,FALSE,1.0129870129870129
2012,Karlsruhe,606900,1355812,4351,9158,99.3,0.2478,0,30200,24200,23514,1.2479338842975207,TRUE,1.029174109041422
2013,Karlsruhe,611251,1364970,3866,7297,106.76,0.2478,0,24768,24420,23514,1.0142506142506142,FALSE,1.038530237305435
2014,Karlsruhe,615117,1372267,4249,8479,110.31,0.2478,0,30120,24168,23514,1.2462760675273088,FALSE,1.0278132176575656
2015,Karlsruhe,619366,1380746,4377,8588,118.52,0.2478,0,30120,23976,23514,1.2562562562562565,TRUE,1.019647869354427
2016,Karlsruhe,623743,1389334,3992,9036,131.97,0.2478,0,31728,24876,23514,1.275446213217559,TRUE,1.057922939525389
2017,Karlsruhe,627735,1398370,4126,9446,139.48,0.2478,0,30996,24540,23514,1.263080684596577,TRUE,1.0436335799948966
2018,Karlsruhe,631861,1407816,4298,9484,147.47,0.2478,0,32520,25980,23514,1.251732101616628,TRUE,1.104873692268436
2019,Karlsruhe,636159,1417300,3792,8210,158.83,0.2478,0,34248,27024,23514,1.2673179396092362,TRUE,1.1492727736667516
2020,Karlsruhe,639951,1425510,4748,11223,176.29,0.2478,0,NA,NA,NA,NA,NA,NA
2021,Karlsruhe,644699,1436733,3729,10355,187.22,0.2478,0,NA,NA,NA,NA,NA,NA
2022,Karlsruhe,648428,1447088,3944,9956,182.54,0.2478,0,NA,NA,NA,NA,NA,NA
2023,Karlsruhe,652372,1457044,3711,9572,158.75,0.2478,0,NA,NA,NA,NA,NA,NA
2024,Karlsruhe,656083,1466616,2995,8423,152.01,0.2478,0,NA,NA,NA,NA,NA,NA
1995,Köln,119775,479164,10389,30433,110.79,0.7003,0,NA,NA,NA,NA,NA,NA
1996,Köln,130164,509597,9936,27652,108.55,0.7003,0,NA,NA,NA,NA,NA,NA
1997,Köln,140100,537249,8771,25194,106.96,0.7003,0,NA,NA,NA,NA,NA,NA
1998,Köln,148871,562443,10901,28178,107.97,0.7003,0,NA,NA,NA,NA,NA,NA
1999,Köln,159772,590621,11487,26446,106.89,0.7003,0,NA,NA,NA,NA,NA,NA
2000,Köln,171259,617067,10789,22571,100,0.7003,0,22700,18900,15339,1.2010582010582012,NA,1.2321533346371991
2001,Köln,182048,639638,9442,17308,98.48,0.7003,0,22700,18900,19900,1.2010582010582012,NA,0.949748743718593
2002,Köln,191490,656946,8715,15360,98.59,0.7003,0,23400,19166.666666666668,19966.666666666668,1.220869565217391,NA,0.959933222036728
2003,Köln,200205,672306,8504,14936,98.36,0.7003,0,24100,19433.333333333332,20033.333333333332,1.2401372212692967,NA,0.9700499168053244
2004,Köln,208709,687242,10145,17171,93.44,0.7003,0,24800,19700,20100,1.2588832487309645,TRUE,0.9800995024875622
2005,Köln,218854,704413,8597,14323,91.32,0.7003,0,25300,20000,21000,1.265,TRUE,0.9523809523809524
2006,Köln,227451,718736,8335,14208,92.51,0.7003,0,25300,19800,21000,1.2777777777777777,TRUE,0.9428571428571428
2007,Köln,235786,732944,7497,12899,89.73,0.7003,0,26200,20400,21400,1.2843137254901962,TRUE,0.9532710280373832
2008,Köln,243283,745843,6551,12876,83.31,0.7003,0,26800,20700,21900,1.2946859903381642,TRUE,0.9452054794520548
2009,Köln,249834,758719,5731,10799,89.6,0.7003,0,27300,21000,22200,1.3,TRUE,0.945945945945946
2010,Köln,255565,769518,5672,11178,90.63,0.7003,0,28000,21600,22700,1.2962962962962965,TRUE,0.9515418502202644
2011,Köln,261237,780696,5989,11730,93.4,0.7003,0,27500,21600,23100,1.273148148148148,FALSE,0.935064935064935
2012,Köln,267226,792426,5704,12660,96.82,0.7003,0,28500,22500,23514,1.2666666666666666,FALSE,0.9568767542740496
2013,Köln,272930,805086,6117,13577,103.93,0.7003,0,23244,22884,23514,1.0157315154693236,FALSE,0.9732074508803266
2014,Köln,279047,818663,6547,15989,110.56,0.7003,0,29832,23484,23514,1.2703117015840573,FALSE,0.9987241643276346
2015,Köln,285594,834652,5439,13981,116.76,0.7003,0,30744,24264,23514,1.2670623145400592,FALSE,1.031895891809135
2016,Köln,291033,848633,5448,15792,125.58,0.7003,0,31896,25284,23514,1.2615092548647366,FALSE,1.0752743046695583
2017,Köln,296481,864425,5150,13916,137.66,0.7003,0,32448,25716,23514,1.2617825478301448,TRUE,1.0936463383516204
2018,Köln,301631,878341,5156,15736,146.01,0.7003,0,33552,26400,23514,1.270909090909091,TRUE,1.1227353916815517
2019,Köln,306787,894077,5380,15041,155.12,0.7003,0,35076,27444,23514,1.2780935723655444,TRUE,1.1671344730798674
2020,Köln,312167,909118,4878,13933,171.41,0.7003,0,NA,NA,NA,NA,NA,NA
2021,Köln,317045,923051,4887,14994,189.75,0.7003,0,NA,NA,NA,NA,NA,NA
2022,Köln,321932,938045,4978,14079,188.32,0.7003,0,NA,NA,NA,NA,NA,NA
2023,Köln,326910,952124,4576,16007,165.24,0.7003,0,NA,NA,NA,NA,NA,NA
2024,Köln,331486,968131,3489,11683,166.69,0.7003,0,NA,NA,NA,NA,NA,NA
1995,Lübeck,38111,107459,308,1260,124.71,0.1959,0,NA,NA,NA,NA,NA,NA
1996,Lübeck,38419,108719,318,1045,120.58,0.1959,0,NA,NA,NA,NA,NA,NA
1997,Lübeck,38737,109764,265,1117,113.23,0.1959,0,NA,NA,NA,NA,NA,NA
1998,Lübeck,39002,110881,235,1348,112.91,0.1959,0,NA,NA,NA,NA,NA,NA
1999,Lübeck,39237,112229,362,590,104.51,0.1959,0,NA,NA,NA,NA,NA,NA
2000,Lübeck,39599,112819,114,250,100,0.1959,0,22300,18900,15339,1.17989417989418,NA,1.2321533346371991
2001,Lübeck,39713,113069,138,323,93.46,0.1959,0,22300,18900,19900,1.17989417989418,NA,0.949748743718593
2002,Lübeck,39851,113392,162,360,94.59,0.1959,0,22275,18800,19966.666666666668,1.184840425531915,NA,0.9415692821368948
2003,Lübeck,40013,113752,315,638,85.98,0.1959,0,22250,18700,20033.333333333332,1.1898395721925137,NA,0.9334442595673876
2004,Lübeck,40328,114390,272,514,77.74,0.1959,0,22225,18600,20100,1.1948924731182795,TRUE,0.9253731343283582
2005,Lübeck,40600,114904,294,408,78.18,0.1959,0,22200,18500,21000,1.2,TRUE,0.8809523809523809
2006,Lübeck,40894,115312,373,482,80.6,0.1959,0,22200,18400,21000,1.2065217391304348,TRUE,0.8761904761904762
2007,Lübeck,41267,115794,237,336,76.62,0.1959,0,22300,18400,21400,1.2119565217391304,TRUE,0.8598130841121495
2008,Lübeck,41504,116130,219,319,71.63,0.1959,0,22500,18400,21900,1.2228260869565215,TRUE,0.8401826484018264
2009,Lübeck,41723,116449,196,618,75.08,0.1959,0,22600,18200,22200,1.2417582417582418,TRUE,0.8198198198198198
2010,Lübeck,41919,117067,196,409,77.9,0.1959,0,23800,18700,22700,1.2727272727272727,TRUE,0.8237885462555066
2011,Lübeck,42115,117476,177,592,82.73,0.1959,0,25200,19700,23100,1.2791878172588833,TRUE,0.8528138528138528
2012,Lübeck,42292,118068,196,462,86.08,0.1959,0,26600,20400,23514,1.303921568627451,TRUE,0.8675682572084715
2013,Lübeck,42488,118530,48,160,93.2,0.1959,0,22572,22032,23514,1.0245098039215683,FALSE,0.9369737177851492
2014,Lübeck,42536,118690,284,468,95.06,0.1959,0,28140,22332,23514,1.260075228371843,FALSE,0.9497320745088031
2015,Lübeck,42820,119158,45,93,95.62,0.1959,0,28464,22476,23514,1.2664175120128136,FALSE,0.9558560857361572
2016,Lübeck,42865,119251,256,840,109.06,0.1959,0,28188,22152,23514,1.272481040086674,FALSE,0.9420770604746108
2017,Lübeck,43121,120091,130,371,112.95,0.1959,0,28296,22332,23514,1.2670607200429875,TRUE,0.9497320745088031
2018,Lübeck,43251,120462,97,421,123.18,0.1959,0,30084,23724,23514,1.2680829539706626,TRUE,1.008930849706558
2019,Lübeck,43348,120883,137,810,131.53,0.1959,0,31332,25272,23514,1.2397910731244064,FALSE,1.0747639704006124
2020,Lübeck,43485,121693,264,910,146.54,0.1959,0,NA,NA,NA,NA,NA,NA
2021,Lübeck,43749,122603,260,886,168.67,0.1959,0,NA,NA,NA,NA,NA,NA
2022,Lübeck,44009,123489,185,833,170.51,0.1959,0,NA,NA,NA,NA,NA,NA
2023,Lübeck,44194,124322,183,563,150.44,0.1959,0,NA,NA,NA,NA,NA,NA
2024,Lübeck,44377,124885,117,664,143.86,0.1959,0,NA,NA,NA,NA,NA,NA
1995,München,121768,674607,1754,7816,111.45,0.33,0,NA,NA,NA,NA,NA,NA
1996,München,123522,682423,1723,8768,105.66,0.33,0,NA,NA,NA,NA,NA,NA
1997,München,125245,691191,1353,5468,102.01,0.33,0,NA,NA,NA,NA,NA,NA
1998,München,126598,696659,1729,7554,100.21,0.33,0,NA,NA,NA,NA,NA,NA
1999,München,128327,704213,1749,7054,100.83,0.33,0,NA,NA,NA,NA,NA,NA
2000,München,130076,711267,2222,8542,100,0.33,0,27000,21700,15339,1.2442396313364057,NA,1.4146945693982658
2001,München,132298,719809,1722,5682,101.65,0.33,0,27000,21700,19900,1.2442396313364057,NA,1.0904522613065326
2002,München,134020,725491,2071,6097,102.81,0.33,0,27333.333333333332,21700,19966.666666666668,1.259600614439324,NA,1.086811352253756
2003,München,136091,731588,1572,5167,100.38,0.33,0,27666.666666666668,21700,20033.333333333332,1.2749615975422428,NA,1.0831946755407655
2004,München,137663,736755,2368,8222,97.06,0.33,0,28000,21700,20100,1.2903225806451613,TRUE,1.079601990049751
2005,München,140031,744977,1805,6476,94.95,0.33,0,29400,22900,21000,1.2838427947598254,TRUE,1.0904761904761904
2006,München,141836,751453,4082,16285,93.25,0.33,0,29700,22900,21000,1.296943231441048,TRUE,1.0904761904761904
2007,München,145918,767738,1857,6044,91.85,0.33,0,30400,23600,21400,1.2881355932203389,TRUE,1.102803738317757
2008,München,147775,773782,1635,5925,91.37,0.33,0,31300,24200,21900,1.293388429752066,TRUE,1.1050228310502284
2009,München,149410,779707,1317,5460,95.13,0.33,0,31900,24500,22200,1.302040816326531,TRUE,1.1036036036036037
2010,München,150727,785167,1242,4759,101.36,0.33,0,32800,25100,22700,1.3067729083665338,TRUE,1.105726872246696
2011,München,151969,789926,2093,7304,111.79,0.33,0,33400,25400,23100,1.31496062992126,TRUE,1.0995670995670996
2012,München,154062,797230,1537,5487,123.99,0.33,0,34100,26500,23514,1.2867924528301886,FALSE,1.1269881772561028
2013,München,155599,802717,2098,8225,138.74,0.33,0,28068,27648,23514,1.0151909722222223,FALSE,1.175810155651952
2014,München,157697,810942,1825,7585,149.75,0.33,0,36516,28488,23514,1.2818028643639428,FALSE,1.2115335544781831
2015,München,159522,818527,1734,7311,164.21,0.33,0,37668,28992,23514,1.2992549668874172,FALSE,1.232967593773922
2016,München,161256,825838,1636,7893,183.21,0.33,0,38736,29772,23514,1.3010882708585247,TRUE,1.2661393212554224
2017,München,162892,833731,2233,8779,200.68,0.33,0,40452,31056,23514,1.302550231839258,TRUE,1.3207450880326614
2018,München,165125,842510,1959,9583,215.66,0.33,0,42216,32436,23514,1.3015168331483538,TRUE,1.37943352896147
2019,München,167084,852093,1500,8329,226.99,0.33,0,43452,33972,23514,1.2790533380430944,FALSE,1.444756315386578
2020,München,168584,860422,1684,8755,244.22,0.33,0,NA,NA,NA,NA,NA,NA
2021,München,170268,869177,1579,8308,262.72,0.33,0,NA,NA,NA,NA,NA,NA
2022,München,171847,877485,1443,8204,255.46,0.33,0,NA,NA,NA,NA,NA,NA
2023,München,173290,885689,1811,10743,208.15,0.33,0,NA,NA,NA,NA,NA,NA
2024,München,175101,896432,1358,7316,200.37,0.33,0,NA,NA,NA,NA,NA,NA
1995,Münster,42893,124850,7972,17951,105.66,0.3931,0,NA,NA,NA,NA,NA,NA
1996,Münster,50865,142801,6560,14129,104.48,0.3931,0,NA,NA,NA,NA,NA,NA
1997,Münster,57425,156930,7525,15426,102.81,0.3931,0,NA,NA,NA,NA,NA,NA
1998,Münster,64950,172356,6846,13423,104.6,0.3931,0,NA,NA,NA,NA,NA,NA
1999,Münster,71796,185779,8634,16120,103.36,0.3931,0,NA,NA,NA,NA,NA,NA
2000,Münster,80430,201899,8560,14152,100,0.3931,0,24400,20600,15339,1.1844660194174756,NA,1.3429819414564184
2001,Münster,88990,216051,7215,12739,97.29,0.3931,0,24400,20600,19900,1.1844660194174756,NA,1.035175879396985
2002,Münster,96205,228790,5707,8880,92.37,0.3931,0,24950,20600,19966.666666666668,1.2111650485436891,NA,1.031719532554257
2003,Münster,101912,237670,6211,9243,92.76,0.3931,0,25500,20600,20033.333333333332,1.2378640776699028,NA,1.0282861896838602
2004,Münster,108123,246913,6931,9777,89.84,0.3931,0,26050,20600,20100,1.2645631067961165,TRUE,1.0248756218905473
2005,Münster,115054,256690,6011,8572,87.49,0.3931,0,26600,20600,21000,1.2912621359223302,TRUE,0.9809523809523808
2006,Münster,121065,265262,5972,8550,84.41,0.3931,0,27100,20900,21000,1.2966507177033493,TRUE,0.9952380952380953
2007,Münster,127037,273812,5507,8524,82.01,0.3931,0,27500,21300,21400,1.2910798122065728,TRUE,0.9953271028037384
2008,Münster,132544,282336,3748,6481,79.48,0.3931,0,28000,21800,21900,1.2844036697247707,TRUE,0.9954337899543378
2009,Münster,136292,288817,3340,5565,83.3,0.3931,0,28700,22400,22200,1.28125,FALSE,1.009009009009009
2010,Münster,139632,294382,3863,7184,86.02,0.3931,0,29800,22900,22700,1.3013100436681222,TRUE,1.0088105726872247
2011,Münster,143495,301566,4158,7106,91.56,0.3931,0,29500,22800,23100,1.293859649122807,TRUE,0.987012987012987
2012,Münster,147653,308672,4542,8947,99.42,0.3931,0,29700,22400,23514,1.3258928571428572,TRUE,0.9526239686994982
2013,Münster,152195,317619,4265,8923,101.91,0.3931,0,23700,22440,23514,1.0561497326203209,FALSE,0.9543250829293188
2014,Münster,156460,326542,4109,8853,112.41,0.3931,0,29040,22932,23514,1.2663526949241235,FALSE,0.9752487879561113
2015,Münster,160569,335395,3954,8186,118.28,0.3931,0,31104,23820,23514,1.305793450881612,TRUE,1.013013523858127
2016,Münster,164523,343581,3924,9200,122.32,0.3931,0,32712,25344,23514,1.290719696969697,FALSE,1.0778259760142894
2017,Münster,168447,352781,4047,9916,131.18,0.3931,0,33012,25068,23514,1.3168980373384394,TRUE,1.0660882878285276
2018,Münster,172494,362697,3844,8741,136.76,0.3931,0,34824,26832,23514,1.2978533094812164,TRUE,1.141107425363613
2019,Münster,176338,371438,3831,9294,153.22,0.3931,0,36360,27096,23514,1.341895482728078,TRUE,1.1523347792804286
2020,Münster,180169,380732,4105,10085,168.51,0.3931,0,NA,NA,NA,NA,NA,NA
2021,Münster,184274,390817,3492,9248,175.02,0.3931,0,NA,NA,NA,NA,NA,NA
2022,Münster,187766,400065,3377,10018,185.1,0.3931,0,NA,NA,NA,NA,NA,NA
2023,Münster,191143,410083,3015,10542,158.32,0.3931,0,NA,NA,NA,NA,NA,NA
2024,Münster,194158,420625,2268,7292,160.1,0.3931,0,NA,NA,NA,NA,NA,NA
1995,Potsdam,11581,64963,1298,3703,142.8,0.2,1,NA,NA,NA,NA,NA,NA
1996,Potsdam,12879,68666,1879,6099,128.57,0.2,1,NA,NA,NA,NA,NA,NA
1997,Potsdam,14758,74765,2237,6065,120.53,0.2,1,NA,NA,NA,NA,NA,NA
1998,Potsdam,16995,80830,2180,4314,119.26,0.2,1,NA,NA,NA,NA,NA,NA
1999,Potsdam,19175,85144,2185,3306,101.27,0.2,1,NA,NA,NA,NA,NA,NA
2000,Potsdam,21360,88450,1842,3099,100,0.2,1,22200,19300,15339,1.150259067357513,NA,1.2582306538887802
2001,Potsdam,23202,91549,954,1657,99.98,0.2,1,22200,19300,19900,1.150259067357513,NA,0.9698492462311558
2002,Potsdam,24156,93206,1942,2622,98.04,0.2,1,22033.333333333332,19033.333333333332,19966.666666666668,1.157618213660245,NA,0.9532554257095156
2003,Potsdam,26098,95828,1025,1513,108.09,0.2,1,21866.666666666668,18766.666666666668,20033.333333333332,1.1651865008880995,NA,0.9367720465890184
2004,Potsdam,27123,97341,1301,1661,95.87,0.2,1,21700,18500,20100,1.172972972972973,TRUE,0.9203980099502488
2005,Potsdam,28424,99002,1314,1678,101.83,0.2,1,22000,17700,21000,1.2429378531073447,TRUE,0.8428571428571429
2006,Potsdam,29738,100680,1132,1274,99.6,0.2,1,22000,17700,21000,1.2429378531073447,TRUE,0.8428571428571429
2007,Potsdam,30870,101954,1080,1248,115.84,0.2,1,22700,18400,21400,1.233695652173913,TRUE,0.8598130841121495
2008,Potsdam,31950,103202,1016,1337,113.47,0.2,1,23700,19100,21900,1.2408376963350785,TRUE,0.8721461187214612
2009,Potsdam,32966,104539,963,1495,114.72,0.2,1,24300,19500,22200,1.2461538461538462,TRUE,0.8783783783783784
2010,Potsdam,33929,106034,928,1678,118.36,0.2,1,25900,20400,22700,1.2696078431372548,TRUE,0.8986784140969163
2011,Potsdam,34857,107712,889,1232,121.09,0.2,1,27200,21500,23100,1.2651162790697674,TRUE,0.9307359307359307
2012,Potsdam,35746,108944,1080,1562,132.99,0.2,1,27300,21100,23514,1.2938388625592416,TRUE,0.8973377562303309
2013,Potsdam,36826,110506,956,1593,143.82,0.2,1,22608,21648,23514,1.044345898004435,FALSE,0.9206430211788722
2014,Potsdam,37782,112099,967,1834,144.97,0.2,1,27540,22092,23514,1.2466051059206953,FALSE,0.93952538912988
2015,Potsdam,38749,113933,1075,2090,161.31,0.2,1,28536,22716,23514,1.2562070787110406,FALSE,0.9660627711150804
2016,Potsdam,39824,116023,1063,2562,162.86,0.2,1,30696,24768,23514,1.2393410852713178,FALSE,1.0533299311048736
2017,Potsdam,40887,118585,971,2399,173.65,0.2,1,32112,25536,23514,1.2575187969924813,TRUE,1.085991324317428
2018,Potsdam,41858,120984,889,2979,197.7,0.2,1,33192,25380,23514,1.3078014184397162,TRUE,1.079356978821128
2019,Potsdam,42747,123963,932,2493,222.35,0.2,1,31656,24264,23514,1.304648862512364,TRUE,1.031895891809135
2020,Potsdam,43679,126456,771,1529,239.35,0.2,1,NA,NA,NA,NA,NA,NA
2021,Potsdam,44450,127985,728,2721,278.39,0.2,1,NA,NA,NA,NA,NA,NA
2022,Potsdam,45178,130706,606,1253,296.68,0.2,1,NA,NA,NA,NA,NA,NA
2023,Potsdam,45784,131959,763,1917,264.45,0.2,1,NA,NA,NA,NA,NA,NA
2024,Potsdam,46547,133876,583,1839,261.24,0.2,1,NA,NA,NA,NA,NA,NA
1995,Stuttgart,749134,1658137,9045,31539,121.72,0.2979,0,NA,NA,NA,NA,NA,NA
1996,Stuttgart,758179,1689676,8220,26831,113.14,0.2979,0,NA,NA,NA,NA,NA,NA
1997,Stuttgart,766399,1716507,8706,23294,108.65,0.2979,0,NA,NA,NA,NA,NA,NA
1998,Stuttgart,775105,1739801,9930,22662,105.62,0.2979,0,NA,NA,NA,NA,NA,NA
1999,Stuttgart,785035,1762463,10272,21412,102.47,0.2979,0,NA,NA,NA,NA,NA,NA
2000,Stuttgart,795307,1783875,10473,20072,100,0.2979,0,26300,21700,15339,1.2119815668202765,NA,1.4146945693982658
2001,Stuttgart,805780,1803947,8240,15381,98.43,0.2979,0,26300,21700,19900,1.2119815668202765,NA,1.0904522613065326
2002,Stuttgart,814020,1819328,7837,14281,97.39,0.2979,0,26800,21800,19966.666666666668,1.2293577981651376,NA,1.0918196994991651
2003,Stuttgart,821857,1833609,7294,13075,95.98,0.2979,0,27300,21900,20033.333333333332,1.2465753424657535,NA,1.0931780366056574
2004,Stuttgart,829151,1846684,8067,14126,95.16,0.2979,0,27800,22000,20100,1.2636363636363637,TRUE,1.0945273631840795
2005,Stuttgart,837218,1860810,7159,13329,94.61,0.2979,0,28000,22300,21000,1.2556053811659194,TRUE,1.061904761904762
2006,Stuttgart,844377,1874139,7705,14232,95.39,0.2979,0,28000,22100,21000,1.2669683257918551,TRUE,1.0523809523809524
2007,Stuttgart,852082,1888371,6592,12538,93.81,0.2979,0,28500,22700,21400,1.2555066079295154,TRUE,1.060747663551402
2008,Stuttgart,858674,1900909,5143,10864,90.35,0.2979,0,29300,23300,21900,1.257510729613734,FALSE,1.0639269406392695
2009,Stuttgart,863817,1911773,4629,10268,93.58,0.2979,0,29800,23700,22200,1.2573839662447257,TRUE,1.0675675675675675
2010,Stuttgart,868446,1922041,4734,9843,94.08,0.2979,0,31000,24400,22700,1.2704918032786885,TRUE,1.0748898678414096
2011,Stuttgart,873180,1931884,5298,11036,96.66,0.2979,0,31200,24600,23100,1.2682926829268293,TRUE,1.0649350649350648
2012,Stuttgart,878478,1942920,5655,12850,101.87,0.2979,0,32300,25600,23514,1.26171875,TRUE,1.0887131070851408
2013,Stuttgart,884133,1955770,5269,12122,108.5,0.2979,0,27036,26220,23514,1.031121281464531,FALSE,1.115080377647359
2014,Stuttgart,889402,1967892,5411,13505,116.88,0.2979,0,33648,27000,23514,1.246222222222222,FALSE,1.1482521051288594
2015,Stuttgart,894813,1981397,5388,14449,129.9,0.2979,0,34644,27468,23514,1.2612494539100043,FALSE,1.1681551416177596
2016,Stuttgart,900201,1995846,5002,13716,145.78,0.2979,0,35748,28104,23514,1.27198975234842,TRUE,1.195202857871906
2017,Stuttgart,905203,2009562,4860,13504,160.72,0.2979,0,36084,28764,23514,1.2544847726324573,TRUE,1.223271242663945
2018,Stuttgart,910063,2023066,5109,13851,170.54,0.2979,0,37656,30036,23514,1.253695565321614,TRUE,1.277366675172238
2019,Stuttgart,915172,2036917,4678,12523,182.34,0.2979,0,39408,31680,23514,1.243939393939394,FALSE,1.3472824700178616
2020,Stuttgart,919850,2049440,5154,13636,195.24,0.2979,0,NA,NA,NA,NA,NA,NA
2021,Stuttgart,925004,2063076,4914,14487,218.9,0.2979,0,NA,NA,NA,NA,NA,NA
2022,Stuttgart,929918,2077563,4662,12522,211.64,0.2979,0,NA,NA,NA,NA,NA,NA
2023,Stuttgart,934580,2090085,4905,14676,175.72,0.2979,0,NA,NA,NA,NA,NA,NA
2024,Stuttgart,939485,2104761,4105,12502,166.28,0.2979,0,NA,NA,NA,NA,NA,NA
1995,Wiesbaden,33816,129037,129,764,118.55,0.2235,0,NA,NA,NA,NA,NA,NA
1996,Wiesbaden,33945,129801,110,484,107.43,0.2235,0,NA,NA,NA,NA,NA,NA
1997,Wiesbaden,34055,130285,222,1648,103.56,0.2235,0,NA,NA,NA,NA,NA,NA
1998,Wiesbaden,34277,131933,271,1254,102.71,0.2235,0,NA,NA,NA,NA,NA,NA
1999,Wiesbaden,34548,133187,146,1086,104.71,0.2235,0,NA,NA,NA,NA,NA,NA
2000,Wiesbaden,34694,134273,173,916,100,0.2235,0,27500,22000,15339,1.25,NA,1.4342525588369517
2001,Wiesbaden,34867,135189,189,534,94.6,0.2235,0,27500,22000,19900,1.25,NA,1.105527638190955
2002,Wiesbaden,35056,135723,189,523,90.55,0.2235,0,27366.666666666668,21833.333333333332,19966.666666666668,1.253435114503817,NA,1.093489148580968
2003,Wiesbaden,35245,136246,182,649,88.16,0.2235,0,27233.333333333332,21666.666666666668,20033.333333333332,1.2569230769230768,NA,1.0815307820299502
2004,Wiesbaden,35427,136895,228,613,85.26,0.2235,0,27100,21500,20100,1.26046511627907,TRUE,1.0696517412935322
2005,Wiesbaden,35655,137508,145,396,83.91,0.2235,0,28400,22300,21000,1.2735426008968609,TRUE,1.061904761904762
2006,Wiesbaden,35800,137904,191,461,83.69,0.2235,0,28800,22600,21000,1.2743362831858407,TRUE,1.076190476190476
2007,Wiesbaden,35991,138365,227,568,81.15,0.2235,0,29400,23100,21400,1.2727272727272727,TRUE,1.0794392523364489
2008,Wiesbaden,36218,138933,235,453,79.8,0.2235,0,29900,23500,21900,1.2723404255319148,TRUE,1.0730593607305936
2009,Wiesbaden,36453,139386,227,429,80.26,0.2235,0,30700,24100,22200,1.2738589211618256,TRUE,1.0855855855855856
2010,Wiesbaden,36680,139815,275,524,81.18,0.2235,0,31100,24500,22700,1.2693877551020407,FALSE,1.079295154185022
2011,Wiesbaden,36955,140339,198,436,83.14,0.2235,0,32800,25700,23100,1.2762645914396886,TRUE,1.1125541125541123
2012,Wiesbaden,37153,140775,129,334,87.32,0.2235,0,33900,26300,23514,1.2889733840304185,TRUE,1.118482606107
2013,Wiesbaden,37282,141109,214,524,92.13,0.2235,0,27792,27384,23514,1.0148992112182296,FALSE,1.1645828017351365
2014,Wiesbaden,37496,141633,110,549,93.31,0.2235,0,35352,27708,23514,1.275877003031615,TRUE,1.178361826996683
2015,Wiesbaden,37606,142182,183,633,98.69,0.2235,0,35628,27768,23514,1.2830596369922214,TRUE,1.1809134983414136
2016,Wiesbaden,37789,142815,161,469,109.12,0.2235,0,35988,28404,23514,1.267004647232784,FALSE,1.20796121459556
2017,Wiesbaden,37950,143284,82,376,117.41,0.2235,0,37008,28776,23514,1.286071726438699,TRUE,1.223781576932891
2018,Wiesbaden,38032,143660,120,611,120.81,0.2235,0,37524,29268,23514,1.2820828208282082,TRUE,1.2447052819596836
2019,Wiesbaden,38152,144271,119,393,129.65,0.2235,0,40008,31008,23514,1.290247678018576,TRUE,1.3187037509568769
2020,Wiesbaden,38271,144664,232,743,141.84,0.2235,0,NA,NA,NA,NA,NA,NA
2021,Wiesbaden,38503,145407,255,1235,150.99,0.2235,0,NA,NA,NA,NA,NA,NA
2022,Wiesbaden,38758,146642,377,1839,149.07,0.2235,0,NA,NA,NA,NA,NA,NA
2023,Wiesbaden,39135,148481,250,1328,123.64,0.2235,0,NA,NA,NA,NA,NA,NA
2024,Wiesbaden,39385,149809,106,510,121.73,0.2235,0,NA,NA,NA,NA,NA,NA
